review,sentiment
marara disappointed cant consider bad movie development rushed nonbelievable evoke emotions dr fermn displays unprecedented bizarre behaviour passion cant understand born mean times conversation marara maybe marara appeared real character instead like film stereotype needed movie title needed best acting came role wasnt important story marcial subintelligent humble drunkard course scenery cultural tidbits canary islands wow moments interesting movie fell short documentary case real intention importantly solid drama,negative
serum crazy doctor finds serum supposed cure diseases power mind instead creates kind monster needs eat human flesh brains mad doc creates zombies cadavers problems long lead action scenes getting acquainted characters mad doctors nephew gets car accident mad doc tries use new serum boy results good class c film ok acting troubles directing continuity errors isnt zombie action effects adequate special fast forward slow parts enjoyment action scenes watch nudity bad language,negative
witty funny intelligent awesome flipping channels late night years ago came wildfire started staying late night taping know like 3 people 100 people watch didnt think awesome laughing loud hard crying thanking time favor run dont walk watch enjoy intelligence humor winwin situation wish afternoon tea meet truly rare comedian society need ofsanechaos,positive
unique film gives chance young noel coward ironic glory reserved detached hes perfect role unloved cad matteroffactly uses deadly pun intended act coward like flying dutchman hes comfortablebut way epigram peerless hecht macarthur given gems macarthur wit pairthe film superbly lighted great lee garmes little camera movement aside storm sequence hecht macarthutr cared thing getting dialogue screen note hm blinkandyoullmissem cameos bums flophouse scenethe notable supporting player alexander woolcott notorious broadway columnist close friend macarthur coward appears bitchy authors kept waiting reception room publisher cowardcurious woolcott agree film clearly lampoons legendary algonquin round table founder macarthur auxiliary memberthe scoundrel actually oscar best story victory probably cowards imposing presence brilliance plot coward woolcott dialogue remember,positive
definitely film excellent director alain chabat acting ceasar managed capture essence adventures astrix french comic books based create fantastically modern intelligent comedy homage world animated films movie funny jokes visual spoken screenings notice bursts laughter drawback nonfrench audience nonfrench speaking audience private jokes dialogues impossible translate situations directly related comic books french way life fun lessened totally worth seeing beautiful picture amazing stunts music totally crazy atmosphere excellent acting actors great film jamel debouze grard darmon edouard baer dont compare magnificent film terrible previous based comic books astrix et oblix contre csar directed claude zidi,positive
thought movie stunning completely outstanding performances valentina cervi artemisia gentileschicervi portrays artemisia beautifully tentative confidant mannerisms hands mapping idea moving models place passion artemisia gives art spectacular watchalthough character overtly beautiful film realistic facial hair clothing perfect point timeoverall thought film fantastic,positive
consider bit connoisseur boxing movies thing prevents calling gentleman jim best boxing movie robert wisepaul newman flick somebody likes movie number 1 gentleman jim close number 2the movie doesnt chronicle rise james j corbett shows sport boxing crucial time transition late 1800s boxing moving away brutal days bareknuckle rules gentlemanly days gloved marquis queensbury rules sport moving away days illegal spectacle time acceptance respectabilitygentleman jim realistic look days romanticized yes bit hokey times delightfully errol flynn perfect gentleman jim isnt gentleman merely fast talker working class family alexis smith ravishing upper class woman lovehate relationship know course love win match endat end gentleman jim great john l sullivan famous line lick man world courseromanticism hands belt corbett truly best scenes sports realistic wonderful hey want realism watch raging bull instead realistic boxing movie gentleman jim lot fun,positive
movie stapled wall chapel proof god truly dead saw sleptwalked film movie ive seen theater regret walking demanding money dull saw highlander 2 quickening local cinema beginning end gibson downey absolutely chemistry unlikelies cast circumstance eventually work best buddies action little goofy dull skullbone writer thank deity chortling observes cinema theres chance air america 2,negative
theres real plot speak excuse scenes extreme violence gratuitous sex fun case action happening inventive theres cool scene characters falling skyscraper miles high overall theres recommend kite watch want youre missing skip,negative
best film derek couple think recommendation havent seen usual ingredients poorly acted efforts watch bo disrobing auditioning wet tshirt contests frequently story laughably idiotic film takes seriously orang utans africabut things going bo looks great production values sets costumes etc good greatly enhances camp value strange way actually funny simply tries fails badly,negative
people drift life moving thing person batting eye latch cause person principle remain adamant committed figuratively literally word stand different different clay characters film puts makes life interesting people plain crazy maybe thats way live masses knows knows takes things life work writerdirector lisa krueger takes shot light approach examine thin line committed gets committed obsession committed starring heather graham young woman adamant committed obsessive maybe little bit crazy joline storyadmittedly joline committed person work relationships life general shes woman word sticks matter marries carl luke wilson forever problem forgot tell carl 597 days marriage hes gone find figure joline realizes hes coming refuses marriage maybe clay shes regardless leaves home new york city sets find el paso texas places knows keeps distance giving space letting know shes considers carl spiritual coma job spiritual vigil comes senses watches waits life dull encounters young woman named carmen patricia velazquez waitress local eateries carmens grampy alfonso arau mystic tbo mark ruffalo truck driver issues concerning carl neil goran visnjic artist makes pinatas takes fancy joline journey discovery learns lot carl herselftheres touch humor touch romance insights human nature quirky film characterization character plot krueger presents extremely delivering film engaging entertaining characters real people wants needs imperfections human condition rich eclectic bunch tells story jolines pointofview krueger makes privy jolines thoughts motivations puts decided perspective events unfold deliberate pace sets allows soak atmosphere ambiance creates makes effective piece storytelling theres underlying seriousness subject matter krueger chooses avoid heavyhanded deep concentrates instead natural humor evolves people situations joline encounters result textured affecting upbeat look thing lifeheather graham takes hold role frame film joline character totally creation immerses gives performance convincing believable adding little personal traits nuance makes difference portrayal mere representation person real film work imperative joline viable believable graham succeeds fronts screen presence alluring vibrant personality way uses eyes draw entirely character creates theres appeal joline exudes entire countenance inside shes likable agreeable person youve shared innermost thoughts know good job way beginning way character written way graham brings vibrantly lifeas carmen patricia velazquez totally engaging performance natural straightforward uses instincts effectively create character charismatic presence flamboyant gives aspect attractively downtoearth refreshingly open upfront impression carmen hold totally honest fronts appeal joline character written velazquez brings convincingly lifeoverall number notable performances heart soul film including luke wilson casey affleck jolines brother jay goran visnjic alfonso arau especially mark ruffalo tbo little actual screen time manages create memorable characterthe supporting cast includes kim dickens jenny clea du vall mimi summer phoenix meg art alexakis new york car thief dylan baker carls editor mary kay place psychiatrist film says value stepping consider big picture reflecting going need committed enjoyable experience ride definitely worth taking 810,positive
hohum inventorshorst buchholzdeadly biological weapon danger falling wrong hands unknowingly sonluke perryhas working antedote enter cia agent olivia dabo catandmouse car chases gunfire begins cast aretom conti hendrick haese aging roger moore moore haggardly mess definitely better efforts perry fans accepting dabo wrong role nice look,negative
note self watch movie charlie sheen great comedian horrible seal movie makes navy seals look like reckless group rangers fact elite form military world charlie sheen helps destroy navy seal reputation thank making incredibly select group individuals look awful worst action movies seen great story amazing action movie charlie sheen possibilities passionate story sheen decides wreck funny comments,negative
movie stupid theres getting dumb dumber mind dumb dumber significantly funny love seeing stupid movies tail sting laughing group good friends bad callous movie youll find way laugh laugh instead,negative
looking forward big fan book came remember thinking biggest wastes money time ive spent cinemain principle acting sets music excellent main reason im rating 4in version sara little selfsacrificing taste way deliberately lied miss minchin stop punishing girls book makes point describing lies wicked vulgar theres far disneyfied ending saras father coming dead trotting indian sunset book happy critics equally improbable ending doesnt leave thinking oh puhleezeabout things true book were1 saras father soldier 2 lines sara father learning heartno know heart inside heart 3 saras friendship becky adopting lottie wasnt developed 4 changing room adding luxury items brilliantly 5 basic core rich girl flung poverty suddenly thats ispeople adaptation younger audience possibly cousins aged 7 12 respectively big fans film read bookif want feelgood family film delivers youre looking film actually tells story little princess fact youve read book dont waste time shame cast like theyd stuck basic story fantasticam harping read book read book little probably attempts adapt book especially classic movie thing preferably,negative
inaccurate picture homeless tv told lot lies panhandlers early 1990s look bad claimed 100 day 2040 day closer reality drove held sign offering work offered work actually went took work physically ableand offered 100000 id damned sure invested apt prepaid 2 years kept bank left 1020000 nl 12 25 cash games casinos usually win win decent bankroll instead win 1000 month playing minimum buying wanting risk losing homeless cause didnt wanna risk spending money going broke 10002000 sock slept outside wanting talk contact sevencard2003 yahoo messengeri admit different homeless people fact drank smoke took drugs im longer homeless govt housing 177 month getting ssi spend time winning online poker mom sunflower diversified worked hard ssi glad days hiding stage convention center casino night sleeping worrying getting caught security finally tv crew picked theyd lot sooner shame dont better select pick,negative
enjoyed watching movie like people watched wasnt sure getting whoopi goldberg funny comedian lot funny movies ie sister acthowever comedy drama comedic moments looking laugh riot lookingthis movie black family moving nice neighborhood city upper middle class neighborhood think spoil movie movie deal race relations whites blacks relations black community think worth chance interested movie race relations movie isnt,positive
marine tell di accurate portrayal date depicting marine corp boot camp boys turned men jack webb excellent sgtjim moore tough fair drill instructor paris island north carolina film centers recruit doesnt program recent film metal jacket shows life basic training worth viewing,positive
high praise word fell way short height movie movie true example psychological horror movie bethe plot bit confusing viewing definitely explain bit whats going want view second time second viewing start join pieces know amazing movie bea word advice slasher flick fans stay away movie dumb ass teenage slasher movie switch brain sit screen big bbs lots bloodif want heighten psychological horror factor movie watch great home theater system supports dolby digital dts 51ch ill mannered friends crack jokes tense situation dont forget switch light offmy points different aspectsdirection 910 acting 810 atmosphere 1010 sound effect 910total 910,positive
ken burns baseball decent documentary presents clear origin game great depiction baseballs early years heroes theres plenty movie baseball fan said film glaring flaws18 hours simply long human attention span clear burns stretched film fit inning concept tight 18 hours pace segment slow morose music nostalgic wistful isnt baseball exciting fun player accomplishments presented form tragedy talking head talking head turn pitch emotional heartbreak yakking baseball metaphor baseball americana psychology theology baseball syrupy mawkish drivel billy crystal sell yankee hokum hes sold ken burns uses national anthem series theme song manages play ballgame times vomit dudeclearly burns neohollywood fauxliberal spends probably film negro leagues segments spent chastising whites yesterday openminded kenny today shame chides baseball segregated thirties forties fails realize america segregated times burns falls head heels love buck oneil negroleague player drools piece footage elderly oneil waxes poetic playing days nonsenseburns better adult help edit creation baseball winds mushy gushy civilrights propaganda disguised americana clear burns baseball fan know watch games laughing cheering weeping reciting soliloquies listening mr burns theres crying baseball,negative
quitting exiting preordained identity drug withdrawal rural guy coming beijing class success struck young artist face appeal separate roots far surpass peasant parents acting success troubles arise new man new demands big departure family history nature personal identity ensuing splits confusion imaginary real dissonance ordinary heroic stuff gut check hand complete escape self hongshen slips long lonely road self grimbut exceptionally convincing particularity honesty sensuousness director zhang yang actors bring journey clichs stereotypes rigid gender roles requisite sex romance violence scenes requisite street language boot assumed money float character acts whims hongshen jia midtwenties hes talented actor impressionable vain idealistic emotionally starved perfect recipe enablers soon hes cool actor idolized youth hot early nineties fashionable needs extremes goes heavy metal adopts earrings scarf acting means arts friendsand roles kind offer personal challenge input selfcriticism dulled immediacy success opens doors irrational selfdoubt selfhatred didnt know act felt like phonyand readily available drugs counter says high director wanted shallow identity actor drugs escape identity hongshens disengagement drugs false life gradual intermittentand doggedly solitude space meditative thinking speech refusal replace therapy abstract great deal change occurs outdoorsnot idealized locations mainly green patches freeways bridges highrises beijing physicality romantic bike rides ritan park long spontaneous walks drenching sun rain grassy picnics sky patterns kites absorb musing specific drifts order arrive picking cues real realistic identity started open says period retrospect contact start lanky body projects kind dancers positioning clumsy graceful humorous telling current circumstance mind spirit lacking legs compel walk night central comeback rejection set roles punctuate end acting determination new identity smashes videos tv bangs head till bloody john lennon forever poster let iconic antiestablishment artistbut hes viable guide knows imagines johns son yoko ono adopts mother mary intercessor hour darkness time trouble wrenching shaking pain parkhallucinatory skitzoid ordeals music real acting says speaks lennons influence showing new way mental institute lifesaving apples resistance nourishment reflect lennons presence hongshens need rehang heros poster redecorated roomif lennons influence spiriting hongshens fathers influence grounding father son actors users drugs drink fegsens differences son underwrites change father secure accepts hes chinese peasant line peasants rural theater director exercises control habit emotions recognizable identity drives hongshen treat like sounding board anger rage humor blue jeans beatles passivity crazed violent exchange father accuses liar fake exposes father acts acted bullshit life bullshit hongshens emphatic father softly replies cant peasant father teachers additional help mother sister friends inmates rehab inst makes tangible connection real self long term drug effects recede old identity indebtedness replaces pride trust distrust integrity banishes black cloud edges soften human repeats endlessly released strapdown incurred refusing medicine home lard peasant soap fine rare true friendships begin evident poignant backtoback fence scene musician buddy hongshen says movie good chance think life add new actor bound art life like lennon gained success loss identity,positive
watched movie countless times failed charmed homely simplicity sincerity goodness great characterizations cast lovely little steam trains play important supporting rolei confess fell love roberta 1970 touches today shown tv new zealand christmas day nicest present,positive
read review alex sander sic looking rating 6 select choice ignorant viewing public seen desecration alien fantastic dramatic horrorscifi predator great scifiaction messabout blame saw alien versus predator average grading 6 stars connoisseurs film frequent sitestop reading fear suspense ridden plot ruined youright beginning film ridiculous explanation offered predator ship overrunnot overrun aliens ok maybe going throw aliens earth hunt went wrong result alienpredator hybrid rest crew realise sooner despite great technology start actually coherent interesting film idea gets ridiculous leave disbelief strictly suspended door screen entering collect way couldnt herea father son hunting woods damaged ship crash lands view given calculate 10 odd miles away thick woodland man boy track find ship face hugged point feel little mainly face huggers comical scary movement actions father like irresponsible dumb redneck muppetan edgy thrillertype scenario introduced excon returning town near crash site met somewhat emotionless dull cop friend bus introduced mean feeble attempt crap actors feeling played slasherhorror element introduced sexy girl usual supposedly nerdy undesirable cute guy gets beaten protective crazy nasty jock type american sportsman scottish man oh cutenot cute boy excons brother way yes theyre clever director brothers research order avoid shite modern role reversal oh boring attempt pc ripley credential type character introduction comes female soldier returning home husband childguess happens wont tell actual smiles sadly demise storytelling large majority recent films plot case got far brightest star alienridden universethe predator stupid reasons stated previous poster post read late aliens boring predatoralien ridiculous action times exploitative gratuitous disgusting nonsense hospital scene pregnant mothers oh shocked alright shocked low people scare shock titillate perverse wanted shock titillate scare people pregnant expecting fathers souls alienpredator shagging saucy women teenage girls killing characters depth plot filmed paced badly acted disinterested people blame tarnishes interesting good sets scifi characters film rubbish gain enjoyment worry havent seen decisionps mention way trained soldiers killed 20 seconds amateur civilians survive,negative
saw film young knew story wild thieftaker shepherd famously escaped newgate prisonapart liberty taken right end film faithfully follows true story temptation bend facts hallmark socalled historical films resisted film film makers praised thatof performances scarcely poor performance tommy steele ideally cast good stanley baker thieftaker alan badel good alwaysbecause film sticks facts makes suitable watched family,positive
gone wonderful campiness original place cgrade action nobrainer wich bad pales comparison original meaningless sex violence gone replaced crappy jokes unexplained plot pointers dont expect thrills,negative
americans little knowledge work star wars alec guinness produced amazing body workparticularly 1940s1950sranging dramas quirky comedies particularly love comedies welldone natural real screenfar different usual fare hollywoodthis said film sparked interest movies plot odd cute unlikely film anywhereexcept ealing studioswhich particular fondness little films like oneguinness nerdy little scientist works textile company wants experiment order create synthetic fabric indestructible working company researcher janitorial work tends sneak labs day suspects night try hand inventing repeatedly caught blew lab given boot day actually succeeds despite importance discovery sets completely unanticipated chain eventsand fun beginsthe film wonderful satire pokes fun industry unions government people general,positive
victor mclaglens performance finest film historyi think feel gypo weve struggled right isnt wrong arthouse pictures released major american movie studio rko radio picturesjoseph h augusts cinematography best augusts stunning portion overlooked didnt receive oscar nomination rightly deservedthis psychological drama thought philosophy sadness conveyed little words possible,positive
cast experienced wellknown actors stupid movie nimrod antel answer armored coworkers armored car business decide steal large shipment cash base plans unravels quickly plot like youd think couldnt bad action movie 40 minutes movie appear 6 normal everyday kind guys joke laugh drinks etc suddenly learn theyre planning rob business hero ty columbus short sucked scheme cold cruel world hes decorated veteran nice guy reliable employee oh oh 40 minutes film regular guys nearly turn moneycrazed psychos willing butcher cash scenes mike matt dillon goes suicidal rampage reason kill friend viewer hint ending men ruthless bloodthirsty utterly unbelievable b movie kind sort cheesy plot dont waste timetoo bad gave laurence fishburne jean reno fred ward advice making picture,negative
sexploitation movie era late sixties early seventies began allowance gratuitous nudity mainstream films ended legalization hardcore porn peak years 1968 1972 loved talented actresses era monica gayle small fanatic cult followers actually able act unlike filled lead roles flicks subsequent credits proved seemingly deliberate fade obscurity right career taking heightens mystiquegary graver director talent probably talented sexploitation genre skill combined monica gayles screen presence makes sandra making woman pleasantly enjoyable experience film drags wont finger pressed fastforward button,positive
surprisingly good movie turned type film ive looking ages particularly important fantasticlooking chicago thinking cover doesnt film justice superb top5 sure,positive
expect film boyoboy expect movie bad chris rock showing good act cant feeling caracter real think movie bit better drama romantic scenes movie morebetter humor involved movie like film makers bad hangover making making dont single smile bad film gave smiles gave laugh,negative
cant believe people like movie thought funniest movie seen bc mel brooks biggest fan know words discouraged censor played family channel favorite movies dont know disagree thanks kristina,positive
flynn known swashbuckling roles bedroom antics takes different tack film works beautifully playing reallife boxing champ jim corbett flynn turns charm blast makes way stifled san francisco bank teller celebrated pugilist setting eye society deb smith best pal carson attend illegal bareknuckle fight arrested scores men dog including prominent judge day gets chance smith gain entrance judges private club uses opportunity weasel way good graces exclusive members land spot clubs resident boxer unusually adept skill sport soon taking comers including world champion john l sullivan bond flynn downright magical epitome charm charisma appeal role looks terrific especially hangover scene hair mussed wearing white union suit virtually stuntwork impressively line delivery delicious credible sympathetic time duplicitous rascally smith exudes class taste pore good match flynn stage needed female costar stand advances reputation undergoing statutory rape charges time admirably repulsed freshness cavalier attitude hardly help fall enchanting spell bond incredibly burly brawny towering tender script calls amusing support provided young ebullient carson frawley dependably cantankerous self flynns manager rest cast excellent including flynns rambunctious family assortment stuffy nob hill types thing beautifully appointed securely directed sets amazingly presented smiths gowns border garish suits upswept hairstyles terrific glimpse earliest days championship boxing like character traits shown flynn enhanced exaggerated entertainment purposes lot authentic like methods costumes shown fight scenes line particularly memorable believe like like entirely possible love love classic romantic dialogue zingers sprinkled script,positive
laugh loud funny play sex family classes beverly hills milks laughs zip code seen days granny jed clampett plot centers chauffers whove bet bed employer single soon single ladies sexy bisset woronov manuel wins friend pay debt violent asian street gang loses play man friend lots raunchy dialogue fairly sick physical humour etc lot comedy beneath surface bartel memorable sensual oder member family ends taking sexy teenaged niece year long missionary trip africahilarious fun,positive
thought provoking humbling depiction human tragedies war small altruistic view familys interactions enemy civil war kentucky movie lessens glamor war showing effect soldier entire family unita lot todays movies war opportunity highlight heros glamorous features war little attempts true effect war actually takes community movie attempts retelling persons memory days movie stated loose translation actual events reality movie probably factual reality hundreds thousands actual events civil war highly recommend interested civil war watch movie,positive
noticed fact bunch episodes inspired 90s flicksi mean seriously wife trying murder rich husband claim assets med students temporarily stopping hearts reach memories lost flatliners bunch college bodies getting reminisce old days fully comfortable past bad things groundhog day time favorite movies sadly writing staff turd bunch lazy bastards come original scriptsnoble idea totally fubarred execution,negative
elvira mistress dark fav movies thing want film like great liners sexy star outrageous story seen missing greatest films cant wait till new movie comes,positive
saw movie hallmark channel thought wonderful especially based true man pierce brosnan good loner english man took persona half breed grey owl photography beautifulthis movie research character archie belaney known simple grey owl want read time know richard attenborough directed surprised like movies acting directing gave highest rating liked seen movie took persona showed aunts raised room houseyou cant wrong movie like enjoy beautiful story hearing foul language contrived special effects minutes,positive
despite absolutely horrid script later film vaguely watchable stars excellent actors barbara stanwyck henry fonda aside real stinkers id probably watch film huge fan hollywoods golden age 1930s 40s matter love films cant recommend filmthe movie begins fonda stanwyck vacation ski resort havent met film begins loudly obnoxiously scene fonda horribly yodels skiing unsubtly teeth grind stuck outespecially fonda fell snow bank stopped yodeling hindsight turned fonda knocked fall barbara goes help ski lodge okay fortunately doctor xrayed nurses health turn infatuated proposes despite hardly knowing marry far film like sweet slight romantic comedyonce home isnt rosy jumps right job family doctor begins exhibiting signs controlling potentially dangerous man jealousy film plays laughs frankly fondas behaviors creepyspying male patients attacking threatening man treats tripping patient injury stomping surprise party insisting men women steal away wife comes combination sociopath paranoid schizophrenic supposed laughs considering like dangerous nut think stanwyck file annulment restraining order oddly gets mad cant stay mad fonda hes cant think right wordcreepy comes mind later blue multimillionaire fonda gets job working counter department store magical thinking babs assume hostility violent jealousy thing pastso job apparently cures anger suspicions job falls film ends fonda buying hospital giving barbara job live happily dont story assume based fondas character spent time hospital administrator beating male patientsthe portion ski lodge fit final horatio alger inspired section rich boy good business world like separate plots despite problem film excuse away domestic violence delusional jealousy creepy little film thank goodness fonda stanwyck known yechy film lovely films,negative
find critique imdb users little harsh cases find crit movie professional viewpoint guy street wants sit watch away allin case bad scifi junkie movie grabbed secondthere proper storyline idiot know government worried piecesthe pathetic attempt main character 3 pieces scary half time pieces place simply add 3 year old kid able togetherthis movie baddominic,negative
debating movie 2012 chose inglourious basterds amazingly high imdb rating disappointment expected certain gratuitous violence expected lot witty dialog got huge dosage nearly felt shortchanged ratio violence plot important think movie gets totally wrong plot believable entertaining save time money cant believe rating says gory violent tastes modern masses,negative
bend like beckham packed intriguing scenes overall predictable stroy line girl called jess trying achieve life long dream famous soccer player finally gets chance offered position local team boundaries limits faces hold determined strives recommend likes nice light movie wants inspired people achieve song choices good hush child upto destination boundaries complications hope help needs review bend like beckham great flick,positive
directed diane keaton adapted book franz lidz young mother selma lidzandie macdowellis battling illness self proclaimed inventor husband sidjohn tururrois little lacking emotions department unhappy new home situation sensitive son stevennathan wattdecides wants stay eccentric uncles dannymichael richardsand melvinlou cutelluntil mom steven happier takes interest strange uncles living habits decides wants change franz set early 60s drama bit comedicchange zany macdowell fan unstrung heroes assures attitude albeit enjoyed film total waste,negative
gripping intelligent crooked cop movies otto premingers sidewalks ends excellent script ben hecht based novel night cry frank rosenbergdana andrews honest tough new york policeman trouble superiors likes strongarm methods detests crooks hit knuckles hurt man wants hit smooth villain gary merrill points title trying push gutter asks andrews right sidewalk youdana andrews obsession neurosis implanted hidden painful discovery son thief deep hatred criminals led use illegal methods destroy pursuit justice spoiled private vendettaby twist irony unique film dana andrews gene tierney laura united andrews playing detective years later longer romantic beaten job cheap crooks time goes far accidentally kills suspect killing accidental victim worthless crime knows break send jailusing knowledge police procedure covers crime plants false clues tries implicate gang leader avoid investigating case double tension following larger case conclusion implicating murder beautifully maintained final solution logical satisfying way compromisethe film best detective films 50s curious moral values premingers best preminger uses powerful storytelling technique projecting pretentious camera angles peculiar touches bizarre order externalize suspense realism,positive
sum overlong filled subplots swiss cheese holes director cowriter says wanted mix genres case drama comedy mix like vinegar oil boot comedy funny juvenile additionally film realistic liberties taken legal system committing french citizens apparent ease absconding drugs french hospitals watched film big screen tv home found shouting film eventually end fast forwarded final long speech main characters makes exlovers son time worn preposterous confused plot deals dead lover marriage convenience nutty exlover times plot diverts families main characters reverts ismael primarily nora detriment audience viewpoints changing nora ismael exlover confined psychiatric hospital probably potentially interesting films developed epilogue wrap subplots want viewer believe nora find happiness given circumstances real life chances equivalent snow balls chance hell actors best appealing overcome glaring faults poor writing editing lack focus,negative
incomprehensibly dreadful mishmash probably notorious roman emperors went insane leaving infamous party orgies ruthless killings path know versions based 102 min watched cant fathom possibly difference lift rest movie muckid heard long alleged shocking content sexnudity honestly isnt boring blood beware technical production amateurishness truly shocks looks plain simply like junior film school flunk project camerawork hopelessly inept strange zooms failed framing confusing pans looks like huge theater stage complete grainy cheapish photo quality lighting color schemes terrible uneven day night outside changed scenes meant shot editing final sin making confusing mess randomly jumpy cutaways continuity flaws random transitions destroy chance momentum story progression involvement potentially interesting dialog equally interesting true historical story faults distract tragica story possibilities great gargantuan burnt fellinilike turkey thats good gobblelaughs peter otoole makes memorable tiberius oh yes brings bigname actors id like line ask free access bonk orgies ive wasted lines truly worst films time period1 10 ozjeppe,negative
edit film dvd release huge thirty second gaps scenes ok fell asleep watching time fell asleep second time time plot actually worst ive seen close acting worst ive seen eitherbut close production honestly worst seen life trying spiteful unhinged productionplease dont think im hater horror films didnt enjoy film felt laughing film felt laughing gruesome moments poorly better shoestring budgetcharacters awkwardly developed ignored twist ending pretty bad exposition took forever exposing muchid recommend avoiding movie110,negative
riding high success rebel cause came tidal wave teen movies arguably best young mcarthur excels troubled teen story concentrates perceptions delinquency traumatic occurrence supporting cast memorable frankenheimer directs like old pro story young man finds actions seriously,positive
comments movie positive thought try redress balance came movie wondering going know consider poor movie intially discounted dream sequence obvious glad free ticket movie asked money movie reviewers critics love movie confirms sound intelligent review audience enjoy film 8 rating movie misleading 20 years time film compare true greats godfather film fine performances leads isnt save film lesbian scenes,negative
pepe le moko played charles boyer sort international criminal mastermind wanted countries europe stay free holes casbah mysterious algiers police reluctant senior officer sent paris capture le moko le moko casbah allows remain police custody sort prison time place cant leave moment knows hell arrestedboyers performance good understand nominated oscar captures essence character perfect combination dangerous classy time movie unfortunately letdown number parts story inconsistent ill mention idea police wouldnt enter casbah stated pretty clearly beginning film local commander repeated references movie suggest fact police enter casbah fairly regularly suggestion commissioner janvier police wouldnt enter statement inspector slimane decent performance joseph calleia casbah sense found difficult believe le moko hardened criminal mastermind quickly swept feet gaby hedy lamarr point entertains local populace singing love songs leaves casbah find essentially giving understand irony final scenes course pepe leaves freedom prison casbah find real freedom capture hes shot killed police found impossible believe like le moko fall trapthis worth watching boyer lesser extent calleia story disappointing inconsistent 310,negative
man screaming brain certainly isnt perfect movie im pretty sure meant star vehicle bruce campbell meaning works kind summary entire career slapstick sarcasm cheese action happy endings campbell writer uneventhere lots things story dont great deal sense robot suddenly breasts merely female brain implanted scenes feel like retreads better incarnations scene restaurant yegor william battle control williams body straight evil dead ii lots little touches nonsequiturs feel brilliant william height panic screams statue looking movie looks like scifi channel original probably acting actually pretty good particularly enjoyed tamara gorski tatoya ruthless cunning yes tragic air certain moments story explored ted raimi handled standard bumbling assistant role admirably bruce funny arrogant sardonic condescending american jerk hes writing films youd think hed role hasnt typecast man screaming brain bizarre nonsensical bmovie ought enjoyable anybody avoid taking cinematic experience seriously,positive
consider watch movie absolutely awful isnt overstatement unbelievable exaggerated gets boring movie taken stories plots movies writer hasnt able pull good wayif youd like pretty girls bikinis brain movie plug ears watch worth listeningp great movies choose movie pick choice enjoy,negative
tell truth im bit stun positive review people main reason actually decide movie seen disappointed comes guy loves genre movieim surprise movie completely like kids movie nudity absolutely reason involve little children cursing swearing im righteous gone far accountsynopsis story guys got send big brother program reckless behavior met kids boobs obsession medieval freakjust self connected story role model serve time story predictable expected humor lame havent seen characters play mc lovin movies like sasquatch gang think laugh thrice fell sleepwell casting alright produce screenplay acting soso expected youre watching type movie direction expect guy brought wet hot american summer movie sucks managed bring star attract horrendous movieanyway felt total riff completely waste time naked scenes best movie cant point recommend anyonepros elizabeth bank topless scenescons funny dreadful story nudity kids mix togetherrating 3510 grade f,negative
film held interest watch times plot holes lead performers workcatherine mary stewart julia kerbridge great job woman 37 sacrificed physician worked years earn money medical school performing brilliantly residency board exam realize dreammeanwhile julias sister brotherinlaw murdered nearest living relative compelled niece amanda arlen aguayostewart avoid ward state amanda 7 years old appearance amanda traumatized parents murder mute needless julias 16hour days longer caring amandarob lowe plays kevin finney charming neighbor man apartment building works way lives julia amanda trick joke help amanda deal distress amanda starts warm kevin film progresses aunt julia starts rely kevin load caring amanda attempts handle case load prepare board examination kevin crisis erupts juliathe chemistry rob catherine mary great watching end film chemistry rob arlen good arlen managed convey lot benefit words plot julia amanda gradually warming working relationship film progresseswe discover julias sister brotherinlaw meyers involved industrial espionage stole extremely valuable prototype microchip employer associates intended share proceeds theft julia discovers meyers planning skip country assumed identities plot unclear meyers intended double cross associates double crossedin case meyers murdered home 2 associates killers attempt extract location microchip meyers killing killers search home fail find prize leave living witness crime amanda killers spend remainder film making clumsy attempts extract microchip julia amanda idea prize located eventually killers kidnap amanda hopes knows microchips locationeventually julia discovers truth kevin investigator hired recover stolen microchip rough moments relationship manage rescue amanda dispatch bad guys predictable ending forming family moving happily future togetherwhat struck plot major holes kevin moves apartment building julia amanda day murder meyers know microchip hands killers killers blithely leave fingerprints murder scene concern concealing identity killer pretends psychiatrist revealed amanda remnants red paint murder scene shoe soles shown murder scene start film weaknesses lines numerous mentionthe film lot better script refined filming filling plot holes added little expense greatly improved effort,positive
like previous poster northern vermont inclined like film red zone cuba seen confusing plot things people bootleg sense gang paddle border send second party car uhm meet drive night bad guys hideout luxury packard wouldnt people flatbed truck sense parked outside garage holds targeted hooch fall asleep waken morning start hauling whiskey course theyre spotted shot losing precious cargo process smugglers whiskey boat float border told great uncle smuggle area needed drive vehicle outrun canada border patrol fraction resources dont started half hour sense whatsoeverthe good thing film kris kristopherson actually grown charisma years,negative
contain spoilers movie worst movie couldnt watch bad film actually worse scarecrow slayer saying lot worse terror toons terror toons funny times gore film good shootings fake acting worse favor skip rental store run way good film want good scarecrow movie watch night scarecrow pumpkin head want ok new cheesy movie watch scarecrow rate movie 02 10 thats horrible film worst movie,negative
watched night bowled heartfelt story line excellent character development good karmic vibe emanating acting movie wholewithout giving away plot begins ordinary joe commutes office job day inspired dance lessons way protagonist assorted characters meets quest smooth dance floor learn lessons story prologue dancing japan symbolizes sociologically isnt exactly simple learn dance japan film lighthearted youll laugh loud sight gags dignified way hard describe films characters taken seriously diminished imperfectionsive thinking taking social dance classes friends happened friend lent video learning dance synchronous think im geeked try watch wonderful family film small children teens certainly smile genuine caring shown time againwhy remake shall dance mystery perfect asis,positive
recap mysteriously dense transmits radio signals discovered ice antarctica mysterious block dug brought research station antarctica julian rome setiworker brought decipher message problem researchers old girlfriend situation quickly turns awkward especially female researchers practically throw block ice thing inside melting unnaturally quickly soon object open mystery continues object generates huge electricity decided open object julian decodes signal open late object explodes finally breached things unleashed earth alien dormant object virus instantly kills research staff washington suspiciously updated historic event decides things unleashed earth russian nuclear submarine carrying nuclear weapons sent antarcticacomments movie holds surprises carl lewis surprisingly puts good acting performance special effects beautiful worked lot better expected unfortunately story holds lot surprises time good way actually plot holes movies consist randomly connected scenes explained washington know washington able command russian submarines object antarctic woken puzzling alien pod transmitting understandable english want explain alien earth knew language obviously chose english confusing nice aliens apparently want save earth virus send open message encoded finally end open end bethe movie little entertaining energy diverted fill voids plot total impression movie good310,negative
movie features charlie spradling dancing strip club features truly bad script dull unrealistic dialogue got positive votes suggests people joking,negative
checked imdb renting dvd netflix id couple hours life im frankly suspicious films director wrote case according credits guy writter director unfortunately indication overall quality production interesting moments eg judy tenutas scene reminded early comedy routines touting judyism led rate stars moments far opening sequence nearly incomprehensible mention reprehensible violence admit went watch missed help figure id seen thing nope recognized characters turn important later spinning camera technique overused essentially pointless found talking tv screen goodness sake recommended,negative
endless bounds inhumanity kind fails stun truly astonishing story horrifically abused largely unheardof population compelling welldocumented enraging american constantly humiliated countrys behaviour long catalogue international debasement suck probably john pilger documentary ive seen immediately want hes complaint reason gave film 8 10 pilger shows travesty appalling collaboration uk governments demands viewerscitizens complicit inactionbut makes suggestion help dont know britain americas nearly impossible citizenry governments doings gesture right direction help islanders cause,positive
flick bad beliefeven independent low budget filmit sucksi cant believe troma crapi fan troma flicks yearstoxic avengersqueeze playrockabilly vampire fewbut lloyd come onthis goes way boundaries tasteit features worst acting imaginablei think possible find unemployed street people goodohwait didi mean itthese characters negative charismawith luck producer director film huge karmic debt atrocityas special effects peoplebut terrible acting horrid special effectsthe dialogue absolutely traumatic earsthe script plot holes size alaska severe continuity problemsthe worst entertaining smallest wayand unforgivable sin film makingbut dont word itgo waste bucks renting itjust dont didnt warn,negative
memorable spaghetti western great storyline interesting characters good acting especially rosalba neri role evil villainess film truly classic steals scene expresses face eyes shes speaking performance believable manages mesmerizing theres wrong mark damon surprisingly good movie toothe music score excellent theme song kind playing head constantly days seeing movie want couple parts amusing especially like rosalba neri undresses parrot theres lots slick gunplay thats donei probably given movie 8 9 stars wasnt things silly bar room brawl occurs 25 minutes film ridiculous looking fights seen movie poorly choreographed looks like dance number bad musical kind real fight able overlook terence hillbud spencer comedy western brawl needed realistic thing annoyed movie yumas cowardly mexican sidekick guess supposed comic relief character plain stupid unnecessary movie like wasnt funny tuco need said let assure reading johnny yuma classic spaghetti western despite faults mentioned fans genre need movie,positive
plot michael linnett connors films direct looking 1st big chance discovers molly play knows big film star signs contract stipulation direct producer agrees big time careers way follows recreation silent film era early sound movies great emphasis comedy oh yes theres romance little sadness performances ameche alice fay notch music real plus old familiar tunes heard lots dvd extras restored version released 2008 emphasized movie story 1st tribute silent films later years bring similar films singin rain1952 dick van dykecarl reiners comic1969 special film recreating silent movies 1939 portions cinema audience bygone eraalthough sound effects includedin glorious bw rest movie pristine color greatest silent era buster keaton point uphill climb superbly 2 silent film recreated scenes game said input scenes real reason watch movie motion picture history fan hollywood cavalcade mack sennetts film legacy doesnt genius realize movie positive reworking mack sennetts mabel normands life character michael linnett connors mack sennett real michael sinnott molly course mabel sennett pie throwings bathing beauties keystone cops worked buster keaton ben turpincameo roscoe fatty arbucklebody double fell love leading lady sennett technical adviser film appears film viewers today prefer sound features associated short subjects silents left pasture mack sennett fell category fortunate hollywood cavalcade sennett course instrumental evolution comedy movies career started 1908 actor writer director producer semi retired 1935 500 films credit worked best charlie chaplin gloria swanson bing crosby wc fields keaton harry langdon arbuckle roy rogersin way tharas film comedy extremely difficult path continue entire career mack played wise selective work 25 years 1931 receive academy award short subject category 1937 lifetime work 1940s presence felt eg come coeds1945where recreation oyster soup scene macks wandering willies1926is 1947 road hollywood sennetts crosby films 2 years later brought nostalgia film memory lane participated knack associating right people guest role eternally popular lawrence welk radio came later year 1950 brought rerelease greatest triumph tillies punctured romance1914 sound 1952 honored tvs life autobiography king comedy1954 great companion piece hollywood cavalcade published 1955 brought concrete association abbott costello cameo ac meet keystone kops finally 1957 tribute compilation film golden age comedy watch hollywood cavalcade legacy motion picture pioneer film banquet scene camera pans guests long table silver haired mack turns head camera rises speech short later subdued underplaying words given mentally convey know influence comedy end people forget mack sennett individual maybe movie help,positive
got running joke bonanza fatal women involved cartwright men ben cartwright times widower son marriage woman got involved adam hoss little joe going end dying couldnt rid formula widower sons started classic tv westernperhaps bonanza today writers revolving women characters came lives cartwrights people relationships good good life demanding heroes today relationship goes south dont kill character survivors nobility intact thats bonanza todaybut expecting lot western heroes bonanza took hold change viewing time nbc certainly helped secret bonanzas success noble patriarch ben cartwright stalwart sons ben cartwright ideal tv dad genre want life spent hard work building immense ponderosa spread children kids different personality came pinchthe cartwrights american institution daresay people cared family kennedys popularity bonanza syndication testifies pernell roberts oldest son adam written rumor didnt care noble cartwright characters felt bordered sanctimonious hed liked better way describethis beginning michael landon people hit tv shows credit landon highway heaven little house prarie creative control little joe youngest hot headed romantic cartwrights roberts left kept going younger sons big dan blocker left heart went bonanza characters added time david canary tim matheson ben cartwright adopted young mitch vogel big loyal little thick hoss easily lovable cartwrights sudden demise surgery left big hole familyso cartwrights ponderosa passed history got real taste america took cartwrights heart visited real virginia city doesnt look like bonanza near lake tahoe ponderosa map opening credits cartwright home set maintained open tourist attraction like 21 baker street sherlock holmes fans ranchhouse cartwrights realand werent real,positive
years ago darling lili played tv pan scan version hated decided wait film proper widescreen format saw inexpensive dvd julie andrewsblake edwards opus decided purchase watch allboy terrible film bad levels know start describing goes horribly wrong looking obvious fans movies blake edwards created star vehicle wife simply directors struck gold andrews musicals mary poppins sound music thoroughly modern millie etc andrews snubbed starring projects famous stage julie camelot fair lady etc hollywood thought wasnt sexy glamorous blake created stillborn effort showcase wife bizarre concoction spy storywar movieromanceslapstick comedymusical darling lili suffers multiple personalities knowing specific scenes good effective doesnt work point embarrassingmind version dvd directors cut case lets salvage notorious box office flop releasing dvd edwards cut 19 scenes 19 original bloated theatrical version streamlined remarkably ineffective version film moves idea 25 minutes dont know whats going watching whats going kind spy lili powerful responsible someones death instead watch thoroughly bored looking rock hudson trying woo thoroughly bored looking julie andrews things arent helped inexplicable reason fall love julie fall hudson men got involved ex hanging trying win trying decipher secret given needed contrast muddled action given impetuous sluggish proceedings theres catalyst storyone look cut scenes clearly edwards writer came ideas inspired andrews edwards previous successes best worst example scene andrews hudson follows group children sing middle forest edwards channeling sound music wonder removed dvd 1970 scene worked certain level today moment reeks desperation plot elements directly inspired andrewsedwards films endless scenes dogfights inspired better modern millie musical moment ill guesses created fun julies mary poppins persona turned raunchy julie striptease act ending birds eye view julie running hudsons plane wink sound musicthe thing confusing julie plays singer born german father british mother lives england sings english songs paris know exactly story takes place moments badly edited like julie uncle horseback talk talk julie suddenly sprints midsentence im like happened herethe comedy bits unfunny cringeworthy scene french police pathetic wheres peter sellers need action stupid belief julie uncle way germany train hudsons squadron shoots rounds bullets train killing lili process brilliant whats funny scene leave train middle night hudson squadron reach train fly morning thats slow moving train musical moments beginning best entire film reason gave film 3 stars effect diminished considerably repeated end speaking redundant need cancan dance crepe suzette stripping scene julie stripping girl mans land ok bleeding obvious moment doesnt sense whatsoever lili sings group injured soldiers french hospital making wonder soldiers injured indirectly result spyingthe project listless energy romance 100 unbelievable rock hudson way old tired looking check museum scene julie looks dazed like shes valium kills illconceived project julie playing german spy edwards desperately wanted dispel mary poppins syndrome afflicting wife believed playing traitor good career decision like julie shes greta garbo pulled beautifully mata hari funny julie plays german spy comes cloying cutehow bad darling lili 37 years release blake edwards felt needed work dvd release,negative
series televisin espaola tve basically series chapters life ordinary family 1968 primarily seen eyes youngest sonbased background historical events 1968 student uprising france decaying franco regime war vietnam rise imperialism specifically related spanish life particular moment regard series simple compilation characteristic foibles apparent kind entertainmentgenerally treated lightweight vein lacking certain moments called dramatic series aimed people rember times stated younger chooses ignore happenings busily occupied thingsthe best thing said series ana duatos rle mother children plays total housewife times manifesting peculiar spanish penchant especially noticeable women letting thinking doings carried forward impetus heart resorting use brain spain common sense common senses imanol arias offers little apart usual stereotyped hard policeman television series actor trusted tv series resources limited father workingclass household badnot recommendable audiences spanishspeakers latin america themes parochially related specific spot contemporary spanish history viewer living time miss references probable certain situations cause spanish smiles mean viewers,negative
want 99 minutes life wasted pathetic excuse movie acting horrific fan cameron diaz vincent donofrio look keanu reeves dan aykroyd surprise knows act thankfully dan attempted accent accent disaster expected think confused location film actually spoken minnesota hope review helps undecided precious time reason able sit movie stuck better watch read,negative
favorite movies overlooked movie goers observation mystifies directed acclaimed ang leeit young actors major stars eg tobey maguire spiderman skeet ulrich jericho jonathan rhys meyers tudors james caviezel simon baker mark ruffalo jeffrey wright tom wilkinson jewel acting superb actors mentioned gave memorable performances especially meyers portrayed evil villain killed sake killingwhen biographies accomplishments director academy award actors listed film usually omitted past performances discovered film dvd accident watched films seldom seen cable look forward reading suggest reasons film known,positive
nice romantic comedy prissy man lead solid acting male leads female lead story little long little clich cant help like iti think story little rushed end extending story longer superior romantic comedies 100 days mr arrogant possibly tied tutor friendit interesting introduction korean cinema great sassy girl good,positive
movies seventies captured truest essence good versus evil battle sentinel mean yes movies like exorcist ones captured human element protagonist like time check able past dated devices story worth getting intothen stars soontobe stars absolute favorites eli wallach sylvia miles burgess meredith subtle clues lead whats going pay close attention watch times catch smaller weird statements like black white cat black white cake plus books good im sorry theyre going turn second book film scary outdo movie,positive
apparently second remake film filmed 1911 1918 ways reminds later film yank oxford films concern conceited blowhard arrives schools world ultimately blowhard slowly learning teamwork decency film william haines tom brown main rival bob played frances x bushman supporting role jack pickfordalways remembered brother mary pickford comes best sympathetic loser toms palhe actually decent scenes dramatic moment big game standard clichs movie times offers surprises pleasant film enjoyable viewingin opinion better silent college film try harold lloyds freshmanits football scenes frankly exciting harold far likable sympathetic annoying tom brown freshman probably best college picture find era reason brown harvard lesser picture william haines played essentially unlikable bombastic character plot westpoint smart set othersand youve seen films youve seen certainly original rehash films giving film score 10 strongly advised films42508i checked saw small film highest rated film imdb 1920 talk overrated dozens dozens better filmshow film got 1 anyones guess,positive
movie illustrates like state australian film industry thats holding backawesome talent outstanding performances particularly victoria hill let practically wayan adaptation sorts brought new macbeth setting presentday australia essentially completely failed justify existence apart lets face completely unnecessarily paying homage original work theres body work shakespeares adaptation selfindulgent pointless exercise needs bring new interpretation workand thats macbeth fails film contemporary relevance whatsoever piece seen countless times guns different outfitsapart fundamental blunder way keeping original shakespearian dialogue cringeful moments movie prolonged incredibly boring slow motion shoot end completely tuned looking screen thought short attention span goi suppose movie succeeds limited terms australia continues produce worldclass acting talent moviemakers need stop proud succeeding limited terms actually set high standards respect kind acting talent work witha shame absolute shame,negative
owen loves mammaonly hed love better feet dark laughoutloud comedy stars directed danny devito admirable assists billy crystal anne ramsey title rolethrow momma train terrific comedy isnt great film shallow parts ending feels organic tacked gutsplitting ride way crystal devito employing great screen chemistry working separate comic takes essence struggling writer devito avid untalented crystal blocked bittercrystals professor donner believes exwife stole book unfortunately titled hot fire cant write opening line book doesnt come easy teaches creative writing class budding mediocrities including middleaged woman writes tom clancytype fiction doesnt know thing submarine captain speaks upholstery salesman wants write story life mr pinsky probably funniest character laughsperminutesonscreen ascotwearing weirdo sees literature excuse write opus 100 girls id like porkthen theres devitos owen lift calls professor donners star pupil teacher wont read work class owen somewhat unusual character star movie manchild late 30s lives overbearing mother anne ramsey calls lardass endearing sentiments movie wed asked feel sorry owen throw momma train piles lifes cruelties sad sack laughs expects thats big reason film probably loses lot peoplefor enjoy humor character identifying rest lark big stretch bigger gambit comedy takes asking watch amusement owen enlists professor donners help plan kill mother actually goes hawaii kill donners hated ex tells professor turn kill mrs lift swapping murders seen hitchcocks strangers trainas director devito complements actors performances scenesetting places accent dialogue makes bold visual statements throwing bits amusing unreality audience toes away taking things seriouslyalso helping matters writer stu silver keeps laughs coming quotable patter got rats size oldsmobiles shes womanshes terminator little murder im jack ripper crystals words funniest lines work context absolutely kill devitos ramseys apparently silver wrote screenplay according imdb thats shame real talent itthe best scene movie crystal meets ramsey actually entirety theatrical coming attraction presentation time ive seen movie promoted way owen introduces professor mother cousin patty momma says doesnt cousin patty panicky owen loses lied yells slamming professors forehead panof course reality professor wouldnt groan witty floor throw momma train works effectively moments playing looney tunes vibe worth devito hasnt disappeared films course mystery hasnt followed directorial promise movie maybe throw momma trains lack mainstream success shows kind vision isnt everyones tastes thats bad watch like,positive
compelling thriller 10 december 2005 authorlittlehammer16787 united statesjust causestarringsean connerylaurence fishburne blair underwooda liberalthough goodhearted harvard law professor paul armstrong convoked flordia everglades unjustly convicted black guy bobby earlconfessing sadisticcoldhearted cops vilifyied beat pulp confession gruesome murder year old girl digs mysterious case realizes bobby earl victim discriminationthat black police detective lttanny brown small community corrupt villainously mean infamouspsychotic serial killer blair sullivan introducedhe discovers knows location murder weapon butchered little girlwhen armstrong finds lucid coincidences sullivans road trip small town letter personally wrote bobby earl gets retrialis unfettered prison eludes horrific punishment swimmingly unexpected phone serial killer sullivan comes focusarmstrong discovers lurid double killing happens sullivans parentswhom immensely detestssullivan divulges armstrong truth joanie shrivers heinous murder brought hereit turns bobby earl psychopathic murderer rape kill joanie shriverhe merely struck bargain fiendish psycho sullivan loose kill revengeupon armstrongs beautiful wife daughternow sullivan executed death armstrong tough good guy brown chase malevolent villain everglades order thwart himwhen arrive armstrong learns psychotic sicko bobby earl plans kill wife daughter rape trial inevitably endure agonizing pain castrationbut goodvirtuous cop brown emerges thwarts brutal baddieis stabbed eaten ruthlessmaneating alligatorspaul armstrongtanny brownhis wifeand daughter survive live happily good thriller worksdelivers mystery subterfugehow reluctant blacks hazed racist lawmensentenced unfair penaltieseven wrongfully convicted innocent friendly black man truth vicious baddie sean connery great obliviousholier thou herolaurence fishburne watchably amazing meanarrogantbut good guy cop underwood harris invigorating malevolent psychoscapeshaw okayruby dee great tenacious grandmotherthe rest cast wonderful,positive
filmfour going lot better little snot film theyre going right sort reputation themselvesthis film set glasgow couple secondary characters approaching scottish accent premise people whos lives going meet cafe early hours morning night jobs funny insightful quirky cultish film instead group selfobsessed saddos plot bits im suprised hasnt banned x friends x sleeping z sleeps z oh figure outa total waste time painful dialogue sounded like group 16 year olds written gcse drama project female character completely superfluous written token female hope women cajoled seeing itif youre sort thicko lad laughs beer adverts usually found wandering round packs shouting saturday nights nondescript town centres love film find right laff run dont walk away sorry little misfitand question group left boring seaside town saltcoats incidentally changed film glasgow forton motorway services lancaster england,negative
doctor mordrid rare films completely radar totally worthwhile reminds old serials 30s 40s id loved followup movies judging rest moons output simply werent tits satisfy typical audience unfortunately thanks completely superfluous sacrifice scene family audience unfortunate em harry potterstyle magicfest kids eaten jeffrey combs yvette nipar great wasnt sure ms nipar hadnt wandered alist picture film believable seriously shame didnt bucks license dr strange think total kiddie phenom,positive
truly muddled incomprehensible mess things film look like 1987 futuristic things thrown like policemans ray gun car director love colored lights notable performance girl played valerie cast listing dont know actress worth missing grade f,negative
doesnt happen occasionally man difference big differencegeorge criles 2003 best seller charlie wilsons war fascinating eyeopening account unlikely difference maker imaginable relatively obscure congressman second district texas good time charlie known libertine lifestyle libertarian legislation likable licentious politician charlie wilson served constituency good folks lufkin wanted things guns left easy street replete bevy beltway beauties known appropriately charlies angelswhen asked entire office staff composed attractive young aides response classic teach em type cant teach em grow tits argument therebut rakish rapscallion conscience lurking underneath charlie wilson unimaginable atrocities committed afghanistan moved muster entire political savvy funding utter humiliating defeat russian military possibly help hasten end cold war result fat chance huhunder skillful direction mike nichols smart snappy screenplay adam sorkin charlie wilsons war sparkling sophisticated satire chronicles behindthe scene machinations colorful characters comprising charlies teamthe onscreen team composed marvelous actors 4 academy awards 9 nominations charlie beautifully portrayed tom hanks solid slightly understated fashion best work years hes aided abetted abedded joanne herring wealthy houston socialite played stillslinky julia roberts hey bikini scene let world know accounts ms roberts looks good holds screenplay gives hint kabul country important character maybe afghan hounds usually know audience member team philip seymour hoffman steals scene appears gust aurakotos smart street wise ie non ivy league graduate cia malcontent knows score agencys boardroom wilsons bedroomfor mujahideen succeed important assistance provide ability shoot dreaded mi21 helicopter gunships rule skies takes money lots money eventually charlies team covertly coerces congress fund effort tune 1 billion dollars advanced weaponry arm afghan rebels includes topoftheline stateoftheart antiaircraft antitank rockets highly sophisticated killing devices nasty nasty stuffthat kind multibillion dollar illicit activity place congressional doors truly alarming american movie read book reveals truly frightening aspect businessasusual political scene rarely seen outside walls government oh momma wish werent soeven initial outcome team charlie unqualified success unimaginable unanticipated final result sophisticated weapons troops taliban funding entirely covert young generation world idea fall soviet oppression end russian barbarity direct result american intervention yes russkies left aid zip schools zip infrastructure zip maintaining meaningful relationships afghan people result overall consequence unmitigated disaster like forerunner mission accomplishedas nichols film pointedly points ball youve set motion bouncing youve lost interest mike krzyzewski knows eva longoria parker knows little lateesha lafayette knows typical american politician doesnt good guys bad guys couldnt let world know good guys talk catch22 mike nichols filmperhaps charlie wilson said best fked end gameagain,positive
im big fan surrealist art film bunuel ideas dali left cold bunuel lifelong grudge catholic church delighted trying offend catholics fairly silly ways silliest like youd expect smartaleck 18yearold film class minutes movie final nosethumbing religionif read scholars slowpaced occasionally amusing film church society guilty sexual repression point bunuel expresses roundabout fashion possible central male character nasty brute loves kicking dogs knocking blind men street mentally turns billboard ads strange sexual fantasies behavior churchs fault interrupting lovemaking jerk vote think bunuel lot personal hangups chose catholics ones blamethere moments cry aha surrealism cow bed giraffe falling window poor model man shredding feather pillow woman flushing toilet watch pictures seething lava mud pithard tell bw rest forgettable selfindulgence unfortunately bunuel chasing bogeymen rest career viridiana discreet charm youre interested seeing surrealism screen check jean cocteaus early work,negative
ludicrous film offers standard 1970s hippie mentality nut shell bores process attempt rationalize absurd marriages young innocent women old age sex fiends wash ups naive young hippy played waiflike kay lenz hitch hikes sleeps wrong guys day meets ridiculous holden old age hard liquor drinking washed actor decides love think superficial film encapsulates scenes keeps saying loves met wears thin quick couldnt help laugh film obvious shes meal ticket director immature think going buy actually love taking place disgusting scene naked sex fast forward inspired vomit corny offering music 70s spread film avoid grade,negative
film pretty good big fan baseball movie help understand meaning love determination heart etcdanny glover joseph gordonlevitt brenda fricker christopher lloyd tony danza milton davis jr brought variety talented actors understanding sport plot believable love message william dear guys great moviemost sports films revolve true stories events work film hits 10 perfectness scale minor mistakes there1010,positive
debut film riveting chilling moments best horror film fashion pit stomach tightens moment film ending superb makers blaire witch obviously watched film ending wasnt end beginning end great movie piece japans great far scare factor perfect score makes think scared mind,positive
film contain far meaningless violence shooting blood acting unrealistic generally poor reason film like old cars,negative
pathetic attempt use science justify new age religionphilosophy said quantum physics mess plain wrongexamples quantum theory supports ideas eastern religions reality illusion world subatomic definitely predict particles location specific time odds precisely spot time act observation affect event solid particles pass barriers far accurate assert means believed sincerely walk wall complete poppycock instead theory asserts level possible walk wall merely chance belief youd walking wall eternity remotest chance passing wall odds astronomically itthis example misrepresent science annoying narrative involving unhappy photographer played marlee maitlan halfway picture confused incomprehensible negative thoughts leading addiction selfhate truth quantum physics itplus string theory hot new thing physics nowadays instead wasting time dreck suggest rent elegant universe amazing series nova pbs gives history physics newton gravity ed witten theory 3 hourlong episodes quantum mechanics explained want know fog metaphysical appropriation,negative
truly looking forward title sounded looked fun idea making cheesy 50s monster movie worth laughs instead title bores froggg entire movie biggest disappointment sit 75 minutes lame drama dialog glimpses froggg humping bare breasted chick film lacks sort fun plot mean thats bit interesting bunch talking heads wanted hot chicks search creature swamp wanted cuties dragged lair desperate need rescue creature black lagoon stuff wanted goofy action scenes froggg going killing spree maybe escaping silly trap exciting geez fun creative wants sit endless tiring dialog scenes creature flick advice filmmakers going concepts good execution needs lot inspired fun creature humor action importantput creature creature movie,negative
sisters friends lent game damn hard carries appearance kids game learn tons intricate moves require twist turn hands sorts awkward positions search seemingly endless levels 100 notes improve score find impossibly hidden jigsaw puzzle pieces require impossible tasks stage maybe life nad stay home time enjoyment away definately recommended kids pull hair hour,negative
chuck joness rabbit seasoning second beloved hunting trilogy considered best find impossible choose trio fantastic cartoons concede rabbit seasoning finely honed script emphasis placed language bugs daffy run series complex dialogues grand tradition abbot costellos whos routine long term daffy fan delighted hunting trilogy consistently daffy gets best lines famous pronoun trouble time classics work bugs plays role cool manipulator elmer befuddled dupe makes hunting trilogy fun daffy elmer pose little threat bugs basically kicking easy laughs elmer falls trap laid poor old daffy comes worst shot face beak ending ridiculous positions builds inevitable climactic declaration youre despicable intricate example chuck joness impeccable timing youll come rabbit seasoning true classic,positive
lovely little b picture usual joe lewis touches people ripping pillows auras lurking fear alas ending comes apparently auteur lost interest movie b picture fit slot,positive
crossfire justifiably famous 1947 noir thats murder mystery strong message stars robert young robert mitchum robert ryan sam levene gloria grahame strongly directed edward dmytryk witness murder shadow beginning rest film young detective finlay charge case seeks figure soldiers responsible death important victim joseph samuels sam levene soldiers meet bar apartment continue visit samuels winds deadi dont know 1947 seeing crossfire today knows minute suspects dont suppose apparent actors getting started film packs big punch powerful acting good direction violence unsparing antisemite languagethe characterizations vivid including gloria grahame smallish role shes woman meets mitchell george cooper suspect soldiers bar provide alibi big performance film belongs robert ryan excellent robert young especially effective tough intelligent police detective mitchum likable soldier trying help confused friend mitchell lonely man unsure feelings wifetruly excellent,positive
awwww love movie bits cousins enjoy movie lot huge fan hope bring tv series dvd soon come mention tv long time geart times come australia chipmunk adventure known people late teens adult years kinda sad young kids dont know missingthe songs film ace ones love boysgirls rock nroll diamond dolls song ls sure want cry motherthis film sure excite young old chipmunk adventure today 10 10 excellent movie,positive
skippy family ties plays eddie wussy metal nerd gets picked favorite wussy metal singer sammi curr dies throws hissy fit tearing posters bedroom wall later gets unreleased record holds spirit dead metal idol gets sucked ideas revenge doesnt want far sammi isnt far main victims hospital movie utterly laughable real metal rock star ok maybe tad piece junk point root guy played skippy family ties havent clue cameo gene simmons ok ozzy osbourne reaches coherency applaud skip onemy grade eye candyelise richards gets topless topless extra pool party,negative
course film 10 10 uncle main screenplay writer crime rodolfo sonego wrote screenplays 50 years living italy great story teller suggested stories writing rodolfo sonego check biography number movies italy alberto sordie main actor starred stories uncle visited australia town 1968 check locations girl australia created great movie proxy bride second world war humor movies found copy movie dvd recently great,positive
goldeneye thee legendary games vg history doubt game different possibly modernday bond champ timethis bond game based material medium completely new scripted game theme song wouldnt bond haha gameplay excellent youre fan bond games films alike youll enjoy itunlike somemost games cast members portrayed characters opposed fictional creations game gives cinematic feel bondable storyline feel like youre game lost movieenjoyable aspects start finish beating game theres plenty ranking system unlockables achieved multiplayer missions standout game despite old video game years good game pick play feel need little bond life thinking ive got theme song stuck head great cast wellwritten storylinethe story comes life screen actors bit entertaining game superbly true bond fashion named awesome completely awesomeive gotta throw game havent played youre missing,positive
helena bonham carter center movie plays role immobile wheelchair brings traditional intensity kenneth branagh tolerable movie good exceptional helena bonham carter fan worth seeing,positive
commented debuted gave thumbs middle review remarking id benefit doubt episode ive seen total episodes point june 2006 lifelong batman fanatic hesitation utter crapeverythings wrong getting past lousy animation design stories ridiculously convoluted character development apparent interest writers dreck substance storiesand gods sakeis joker episode gotham revolvingdoor justice system complete lack interest writers effort villains character development aboveand matters worse single joker tale 3part formula1 joker gasses people2 joker sets gas city3 batman saves daypfehthere episode saw wasnt joker story title escapes villain nefarious cluemasterthe think thank thunk episode quiz singleworst batman story ive seen heard read yes worse ive got batman basement cant feel probably tos starts b rhymes fastardization thank goodness existence timmdinietc era batentertainment fox kids wb days stuff good known couldnt possibly lasted forever unfortunately,negative
age 10 mean stupid child likes film youd better himher tested continually amazed people involved turns bad film showcase digital wizardry writing horrid cant remember ive heard bad dialogue songs wretched acting subpar actors given decided employ joey fatone sing ugly sinthe worst thing obviousness writers went way stupid possible great childrens movies wicked smart wit films like shrek toy story recent years willie wonka witches mention past continual dumbingdown american flocking dreck like finding nemo yes thats right recent charlie chocolate factory eyecrossing trash like red riding hood,negative
hey babu riba film young woman mariana nicknamed esther famous american movie star young men glenn sacha kicha pop 1517 years old 1953 belgrade yugoslavia committed friends crazy jazz blue jeans american seemsthe close relationship teenagers poignant ultimately sacrifice willingly try help group fallen unexpected difficulties wake changing communist politics separate ways reunite 1985 year film madei enjoyed film reservations subtitles thing difficult especially beginning number dialogues subtitles conversational pace required couldnt read text absorb scene caused understand character involved watched movie video public library friend understood story acquiring streptomycin sick relativethis yugoslavian coming age film effectively conveyed teenagers sense invulnerability idealism strong loyal bonds main flashforward intriguing keeping guessing end characters visavis 1953 cast actually happenedi rate 7 10 like films director jovan acin 19411991,positive
snowstorm roads blocked highway patrolman jason adam beach comes diner friend fritz jurgen prochnow advises clients able follow trips day weird strangers jason meets sweetheart nancy rose mcgowan left husband los angeles night communication base jason faces distressful suspicious situations clients finds corpses indicating killerthe stop average thriller screenplay simply awful characters despicable persons motives surprising serial killer disclosed viewers explanation killer decided kill guests vote fourtitle brazil encurralados trapped,negative
movie fairly entertaining comedy murphys law applied home ownership construction film like today doubt family dysfunctional set simpler forties supposed typical family era grant course perfectly blends comedic dramatic elements works competent supporting cast highlighted loy douglas shenanigans solid ninety minutes entertainment 710,positive
